id,name,age
1,John,30
2,Alice,25
3,Bob,35
4,Emily,28
5,Michael,40
6,Sarah,33
7,David,45
8,Emma,29
9,James,37
10,Lucy,31
11,Oliver,26
12,Sophia,32
13,Matthew,38
14,Isabella,27
15,Ethan,36
16,Mia,30
17,William,29
18,Charlotte,34
19,Alexander,31
20,Amelia,35
21,Mason,28
22,Ella,33
23,Logan,37
24,Avery,26
25,Henry,29
26,Sofia,40
27,Samuel,34
28,Grace,31
29,Daniel,38
30,Chloe,27
31,Owen,39
32,Hannah,32
33,Nathan,30
34,Zoe,36
35,Elijah,28
36,Lily,34
37,Jack,31
38,Anna,29
39,David,37
40,Samantha,25
41,Michael,33
42,Elizabeth,30
43,Andrew,35
44,Victoria,26
45,Joseph,38
46,Natalie,31
47,Christopher,29
48,Abigail,36
49,Dylan,27
50,Addison,32
51,James,39
52,Evelyn,28
53,Lucas,35
54,Audrey,30
55,Joshua,37
56,Aria,31
57,Aiden,29
58,Sophie,34
59,Matthew,31
60,Avery,39
61,Isabelle,26
62,Ethan,30
63,Madison,38
64,Sebastian,27
65,Hannah,35
66,Landon,32
67,Mila,29
68,Christopher,36
69,Ella,28
70,Liam,33
71,Leah,31
72,David,37
73,Sarah,25
74,Nicholas,33
75,Eva,30
76,Alexander,38
77,Grace,27
78,Logan,36
79,Chloe,31
80,Jacob,29
81,Harper,34
82,Carter,31
83,Scarlett,30
84,Daniel,37
85,Riley,26
86,Emily,32
87,Matthew,39
88,Julia,28
89,Owen,35
90,Sofia,31
91,Nathan,29
92,Lily,34
93,Lucas,30
94,Ava,36
95,Benjamin,27
96,Charlotte,33
97,William,32
98,Zoe,38
99,Jackson,25
100,Olivia,31
